{"Va0c04pQ+th1Jv8YTcM6Hw==":"mbr-1916x1198.jpg","+1HfYBFdcwAp1zNeql+K6w==":"nuovo-progetto-10.png-206x167.png","dqEcOEMXKQCx5gAVwk/N/Q==":"gemini-generated-image-ufwrolufwrolufwr.png-192x117.png","J1MMUiTUorZJVZXEE83krg==":"gemini-generated-image-58rlwy58rlwy58rl.jpg-816x816.jpg","XPRFxeSNGOIi/GuOmu4L2Q==":"gemini-generated-image-seu8j6seu8j6seu8.jpg-2000x2000.jpg","jAX7QzZxr1g+Mg8NArXyng==":"gemini-generated-image-5ybele5ybele5ybe.jpg-816x816.jpg","2hkuzUz/DZLo70dBsMJZbQ==":"gemini-generated-image-z14575z14575z145.jpg-816x816.jpg","nLtamq4rhVw/VOr5EixENw==":"mbr-160x103.jpg","nqwgTGcil+cpfJpgFKV4hA==":"mbr-160x107.jpg","WaZEdwKcMoolkRdC/WX1hw==":"mbr-160x105.jpg","TQA+PgEYQlUkOfULvEm40w==":"mbr-160x106.jpg","GD8ocAkGxiiJyav9VeXRnA==":"mbr-160x90.jpg","v3TNA4sR9y7kMaYD+46K8A==":"gemini-generated-image-ncocgncocgncocgn.jpg-596x596.jpg","ZzSuY2gpj9zUD7gDwR3Jqg==":"gemini-generated-image-ibdqtnibdqtnibdq.jpg-596x596.jpg","2CFRtqEeCImvzQ3lT2ChEQ==":"gemini-generated-image-wn875dwn875dwn87.jpg-596x596.jpg","1nXzzB4YFGNsQq+6t6toyA==":"gemini-generated-image-dv7x5zdv7x5zdv7x.jpg-1256x1256.jpg","UJq5FDPcsdyCd9bCOrVyrA==":"gemini-generated-image-rvmyzsrvmyzsrvmy.jpg-596x596.jpg","FgOeVcL2E3fwSLatHMvuHg==":"gemini-generated-image-4qw1m54qw1m54qw1.jpg-596x596.jpg","ycRN90FtULyzATZvLdDAGA==":"gemini-generated-image-obsh6kobsh6kobsh.jpg-2048x2048.jpg","XqStexa3ucYeWEdbgE9USg==":"background1-1.jpg","vKDMhJg/K9UIZLJVWUlfAw==":"342705788_1219727198660455_2417191220752348481_n-640x640.jpg","GX0+KgsU9t3cwuQsg1Uh1Q==":"athina-apts-1100x1467.jpg"}